{
  "name": "nprogress",
  "repo": "rstacruz/nprogress",
  "description": "slim progress bar",
  "version": "0.1.3",
  "keywords": [
    "progress",
    "bar",
    "spinner"
  ],
  "license": "MIT",
  "main": "nprogress.js",
  "scripts": [
    "nprogress.js"
  ],
  "styles": [
    "nprogress.css"
  ],
  "ignore": [
    "**/.*",
    "node_modules",
    "components",
    "test",
    "vendor"
  ],
  "homepage": "https://github.com/rstacruz/nprogress",
  "_release": "0.1.3",
  "_resolution": {
    "type": "version",
    "tag": "v0.1.3",
    "commit": "9c138497c0dea17fda280681274e77c1286c0955"
  },
  "_source": "git://github.com/rstacruz/nprogress.git",
  "_target": "~0.1.2",
  "_originalSource": "git://github.com/rstacruz/nprogress.git"
}