{
    "shop_id": "1",
    "shop_type": "美食",
    "shop_name": "商户名称1",
    "shop_logo": "http://pic.baike.soso.com/p/20140211/20140211112400-668472408.jpg",
    "shop_tel": "020-38889807",
    "shop_adr": "广州市番禺区桥南街市良路9号番禺奥林匹克花园运动城21号商铺",
    "shop_remark": "<table width='990' align='center' style='text-transform: none; text-indent: 0px; letter-spacing: normal; font-family: 宋体; word-spacing: 0px; -webkit-text-stroke-width: 0px;' border='0' cellspacing='0' cellpadding='0'><tbody><tr><td height='8' style='color: rgb(102, 102, 102); font-family: 宋体; font-size: 12px;' colspan='3'></td></tr><tr valign='top'><td width='252' height='100%' style='color: rgb(102, 102, 102); font-family: 宋体; font-size: 12px;'><table width='100%' height='100%' class='box' style='border: 1px solid rgb(174, 207, 227); background-color: rgb(241, 250, 255);' border='0' cellspacing='3' cellpadding='2'><tbody><tr><td class='box' valign='top' style='color: rgb(102, 102, 102); font-family: 宋体; font-size: 12px; background-color: rgb(255, 255, 255);'><div class='blockhead' style='width: 236px; color: rgb(255, 255, 255); padding-top: 5px; padding-bottom: 5px; padding-left: 10px; font-family: 宋体; font-size: 14px; font-weight: bold; background-color: rgb(255, 0, 0);'>在线演示V9.8版</div><table width='100%' border='0' cellspacing='5' cellpadding='0'><tbody><tr><td class='title' style='width: 218px; height: 17px; color: rgb(63, 166, 0); padding-bottom: 3px; padding-left: 8px; font-family: 宋体; font-size: 12px; font-weight: bold; background-image: url('http://www.ewebeditor.net/images/bg_title0.gif');'><span style='padding-right: 4px; padding-left: 4px; font-size: 14px; background-color: rgb(255, 255, 255);'>新手上路</span></td></tr><tr><td class='sub1' style='color: rgb(102, 102, 102); padding-left: 18px; font-family: 宋体; font-size: 12px; background-image: url('http://www.ewebeditor.net/images/arrow1.gif'); background-repeat: no-repeat no-repeat;'><a style='color: rgb(102, 102, 102); font-size: 12px; text-decoration: underline;' href='http://www.ewebeditor.net/demo/'>系统自带样式方案</a></td></tr><tr><td class='sub1' style='color: rgb(102, 102, 102); padding-left: 18px; font-family: 宋体; font-size: 12px; background-image: url('http://www.ewebeditor.net/images/arrow1.gif'); background-repeat: no-repeat no-repeat;'><a style='color: rgb(102, 102, 102); font-size: 12px; text-decoration: underline;' href='http://www.ewebeditor.net/ewebeditor/_example/' target='_blank'>系统自带示例程序</a></td></tr><tr><td class='sub1' style='color: rgb(102, 102, 102); padding-left: 18px; font-family: 宋体; font-size: 12px; background-image: url('http://www.ewebeditor.net/images/arrow1.gif'); background-repeat: no-repeat no-repeat;'><a style='color: rgb(102, 102, 102); font-size: 12px; text-decoration: underline;' href='http://www.ewebeditor.net/demo/backend.asp'>系统自带后台管理</a></td></tr></tbody></table></td></tr></tbody></table></td></tr></tbody></table>",
    "view_count": "125",
    "favorite_count": "36",
    "capita_consumption": "45",
    "photo_count": "10"
}