{
  "user.0001": "该用户已经存在",
  "user.0002": "该手机号已经存在",
  "user.0003": "该邮箱已经存在",
  "user.0004": "密码为空",
  "user.0005": "该帐号不存在",
  "user.0006": "密码错误",
  "user.0007": "签名失效",
  "user.0008": "用户帐号不可用",
  "user.0009": "密码加密失败",
  "user.0010": "邀请码无效",
  "user.0011": "用户未激活",
  "user.0012": "用户状态异常",
  "user.0013": "激活码无效",
  "user.0014": "激活码不匹配",
  "user.0015": "用户已经激活",
  "user.0016": "无效密码重置码",
  "user.0017": "用户不存在",
  "user.0018": "无效注册类型",
  "user.0019": "无效登录类型",
  "user.0020": "无效验证码",
  "user.0021": "登录key失效",
  "user.0022": "用户帐号与验证码不匹配",
  "user.0023": "无效邮箱地址",
  "user.0024": "无效手机号",
  "user.0025": "验证码失效",
  "user.0026": "密码长度6-50位",
  "user.0027": "user active url not config in property",
  "user.0027": "激活码错误",
  "user.0028": "user brand not support",
  "user.0029": " the brand  have not the user",
  "user.0030": "激活连接失效",
  "user.0031": "用户token为空",
  "user.0032": "token验证失效",
  "user.0033": "用户id为空",
  "user.0034": "客户端id不能为空",
  "user.0035": "用户登录帐号不能为空",
  "user.0036": "用户状态错误",
  "user.0037": "用户已被禁用",
  "user.0038": "invalid gender",
  "user.0039": "账户未激活",
  "user.0040": "无效登录方式",
  "user.0041": "数据无效，请输入有效数据",
  "user.0042": "请检查你的数据",
  "user.0043": "没有关联数据",
  "user.0044": "性别无效",
  "user.0045": "用户id不存在",
  "user.0046": "用户角色不存在",
  "user.0047": "邮箱电话号码帐号不能为空",
  "user.0048": "pagesize is too large",
  "user.0049": "user's branch not match the sms channel",
  "user.0055": "手机验证码不正确！",
  "user.0053": "验证码超时",
  "user.0054": "验证码操作超过10次无效",


  "SYS.0000":"服务器内部错误",

  "smsgate.0010":"手机号不在白名单"
}